,District_Name,Population,total_livable_houses_per_1k,dilapidated_houses_per_1k
0,south andaman,238142.0,94.5948,7.6845
1,nicobars,36842.0,,
2,north  and middle andaman,105597.0,169.7870,10.6727
3,chittoor,4174064.0,,
4,guntur,4887813.0,90.8451,11.1878
5,anantapur,4081148.0,65.4985,7.5043
6,kurnool,4053463.0,68.1161,7.4418
7,sri potti sriramulu nellore,2963557.0,79.6863,11.6941
8,prakasam,3397448.0,89.9752,12.0585
9,y.s.r.,2882469.0,63.8102,6.4473
10,krishna,4517398.0,87.2265,10.9906
11,west godavari,3936966.0,90.0650,13.6684
12,east godavari,5154296.0,87.2228,10.4162
13,visakhapatnam,4290589.0,75.9294,7.0545
14,vizianagaram,2344474.0,91.4836,9.6120
15,srikakulam,2703114.0,101.2406,10.6880
16,papum pare,176573.0,104.6196,10.5792
17,west kameng,83947.0,,
18,tawang,49977.0,112.9520,9.1042
19,anjaw,21167.0,164.0762,17.1021
20,upper siang,35320.0,100.1699,1.6421
21,lohit,145726.0,161.1792,16.6408
22,east kameng,78690.0,138.6199,6.4430
23,upper subansiri,83448.0,131.1715,5.0331
24,east siang,99214.0,109.1681,7.0756
25,changlang,148226.0,129.0799,4.1828
26,tirap,111975.0,98.6292,2.5184
27,lower subansiri,83030.0,103.5168,3.7336
28,kurung kumey,92076.0,96.2140,25.8591
29,dibang valley,8004.0,199.1504,26.7366
30,lower dibang valley,54080.0,140.5325,9.8003
31,west siang,112274.0,104.4498,3.1797
32,dhubri,1949258.0,164.0378,45.3696
33,goalpara,1008183.0,155.1405,31.7056
34,barpeta,1693622.0,177.2910,51.9207
35,morigaon,957423.0,162.8820,38.3227
36,nagaon,2823768.0,160.9704,35.5826
37,sonitpur,1924110.0,156.7426,27.1310
38,sivasagar,1151050.0,202.9338,20.6142
39,dhemaji,686133.0,215.9275,32.5943
40,tinsukia,1327929.0,147.9913,14.3690
41,golaghat,1066888.0,188.1022,23.0343
42,chirang,482162.0,163.3725,32.7317
43,lakhimpur,1042137.0,194.8870,29.1248
44,kokrajhar,887142.0,131.8143,30.9308
45,kamrup,1517542.0,165.1473,34.1144
46,karbi anglong,956313.0,167.0489,11.0989
47,jorhat,1092256.0,185.7678,24.1940
48,dibrugarh,1326335.0,139.8116,15.2722
49,udalguri,831668.0,198.7452,35.6512
50,baksa,950075.0,199.3843,34.6625
51,nalbari,771639.0,182.4143,29.0511
52,kamrup metropolitan,1253938.0,105.5004,16.3501
53,darrang,928500.0,174.0560,53.3463
54,bongaigaon,738804.0,173.4317,33.0182
55,hailakandi,659296.0,151.1840,42.4377
56,karimganj,1228686.0,132.4040,34.0803
57,cachar,1736617.0,132.4909,27.4470
58,dima hasao,214102.0,154.6039,11.1863
59,saharsa,1900661.0,154.9950,16.5048
60,saran,3951862.0,99.2302,16.9649
61,siwan,3330464.0,92.8252,16.3398
62,gopalganj,2562012.0,112.8242,17.0179
63,muzaffarpur,4801062.0,134.7419,19.1828
64,darbhanga,3937385.0,131.3572,20.8463
65,vaishali,3495021.0,120.4219,26.1727
66,khagaria,1666886.0,137.7833,20.8605
67,supaul,2229076.0,165.8974,13.5536
68,katihar,3071029.0,144.5265,12.4942
69,purnia,3264619.0,154.2578,13.6840
70,kishanganj,1690400.0,159.7450,10.3455
71,araria,2811569.0,158.5869,9.6796
72,begusarai,2970541.0,134.6428,27.8044
73,sitamarhi,3423574.0,144.4818,15.5630
74,samastipur,4261566.0,144.6581,23.7204
75,madhepura,2001762.0,160.9752,16.1043
76,madhubani,4487379.0,122.5132,11.6244
77,bhojpur,2728407.0,103.7136,16.1820
78,sheohar,656246.0,149.0874,9.1262
79,munger,1367765.0,119.8188,17.0402
80,lakhisarai,1000912.0,120.0965,16.1962
81,sheikhpura,636342.0,119.2095,18.8295
82,nalanda,2877653.0,121.3774,19.5027
83,patna,5838465.0,95.1310,15.1728
84,buxar,1706352.0,107.8295,20.2403
85,purba champaran,5099371.0,133.9846,13.6793
86,pashchim champaran,3935042.0,147.7895,12.2708
87,kaimur (bhabua),1626384.0,123.7014,13.4273
88,gaya,4391418.0,108.6963,13.7170
89,nawada,2219146.0,114.6626,18.9239
90,jamui,1760405.0,127.4252,16.3002
91,jehanabad,1125313.0,111.3148,16.8193
92,arwal,700843.0,125.9940,15.8181
93,bhagalpur,3037766.0,119.5474,18.4481
94,rohtas,2959918.0,113.3944,12.9862
95,aurangabad,2540073.0,105.3879,12.1701
96,banka,2034763.0,130.8079,14.6867
97,chandigarh,1055450.0,76.9094,9.8356
98,surguja,2359886.0,,
99,jashpur,851669.0,,
100,rajnandgaon,1537133.0,113.6466,8.1815
101,dakshin bastar dantewada,533638.0,120.7354,8.0898
102,raigarh,1493984.0,152.9769,12.7204
103,korba,1206640.0,124.1688,7.1504
104,janjgir - champa,1619707.0,154.8150,14.5594
105,bilaspur,2663629.0,147.4545,12.9200
106,kabeerdham,822526.0,149.3351,15.5983
107,koriya,658917.0,127.4000,5.2480
108,raipur,4063872.0,123.7217,12.5966
109,mahasamund,1032754.0,173.9185,13.6596
110,dhamtari,799781.0,136.6999,10.6879
111,uttar bastar kanker,748941.0,117.6034,7.8404
112,bastar,1413199.0,130.6299,8.7390
113,narayanpur,139820.0,135.3240,9.4407
114,durg,3343872.0,114.5528,10.2773
115,bijapur,255230.0,130.7252,9.2662
116,dadra and nagar haveli,343709.0,100.4862,1.4751
117,diu,52074.0,42.4972,0.9026
118,daman,191173.0,132.3409,2.3853
119,north goa,818008.0,82.7095,5.3630
120,south goa,640537.0,94.4177,6.5804
121,banas kantha,3120506.0,93.3871,9.2075
122,anand,2092745.0,107.5745,5.4431
123,bhavnagar,2880365.0,76.4733,3.3794
124,amreli,1514190.0,78.9445,4.2940
125,junagadh,2743082.0,83.3712,4.4993
126,kachchh,2092371.0,84.9448,3.7665
127,ahmadabad,7214225.0,80.9623,2.5138
128,patan,1343734.0,103.1677,9.6716
129,mahesana,2035064.0,96.4024,7.2553
130,sabar kantha,2428589.0,105.6264,5.5048
131,gandhinagar,1391753.0,96.7880,5.7539
132,panch mahals,2390776.0,108.3201,5.5187
133,surendranagar,1756268.0,92.2877,5.7366
134,valsad,1705678.0,95.1106,3.2450
135,kheda,2299885.0,102.1273,6.0633
136,navsari,1329672.0,90.7389,3.7761
137,dohad,2127086.0,96.4051,3.4691
138,vadodara,4165626.0,93.5586,3.9593
139,narmada,590297.0,115.4216,3.7591
140,bharuch,1551019.0,97.6680,3.6092
141,the dangs,228291.0,91.6681,2.7421
142,rajkot,3804558.0,75.8319,3.8977
143,surat,6081322.0,68.6070,1.9877
144,tapi,807022.0,96.1659,2.6431
145,porbandar,585449.0,86.6480,5.7153
146,jamnagar,2160119.0,80.2285,3.9567
147,panipat,1205437.0,118.2733,9.7450
148,karnal,1505324.0,118.8110,11.8745
149,panchkula,561293.0,82.3367,14.0319
150,kaithal,1074304.0,130.3272,13.2141
151,jind,1334152.0,129.3893,12.3134
152,yamunanagar,1214205.0,123.1901,16.0237
153,ambala,1128350.0,103.9039,10.7741
154,sonipat,1450001.0,131.0689,12.3331
155,kurukshetra,964655.0,124.1490,12.2759
156,mahendragarh,922088.0,119.9853,8.8647
157,sirsa,1295189.0,102.8089,14.1362
158,palwal,1042708.0,113.0901,13.4199
159,faridabad,1809733.0,103.6794,7.1629
160,mewat,1089263.0,114.1781,17.0804
161,rewari,900332.0,116.2405,9.1577
162,gurgaon,1514432.0,105.8839,12.8312
163,jhajjar,958405.0,133.1014,14.5074
164,rohtak,1061204.0,122.7323,11.1119
165,bhiwani,1634445.0,125.5270,14.2489
166,hisar,1743931.0,108.9837,12.4414
167,fatehabad,942011.0,119.8638,15.1644
168,lahul and spiti,31564.0,,
169,chamba,519080.0,141.4098,8.4457
170,kangra,1510075.0,103.4757,5.8673
171,kullu,437903.0,112.7830,5.2181
172,mandi,999777.0,126.2271,7.1216
173,hamirpur,454768.0,98.9098,4.5122
174,una,521173.0,99.2741,6.8250
175,bilaspur,381956.0,112.6753,5.4404
176,solan,580320.0,97.9890,7.5545
177,sirmaur,529855.0,107.6125,9.4403
178,shimla,814010.0,105.0343,9.4225
179,kinnaur,84121.0,,
180,reasi,314667.0,182.1354,4.9862
181,anantnag,1078692.0,101.7899,11.8208
182,samba,318898.0,101.2957,10.4422
183,jammu,1529958.0,100.5328,13.6651
184,kupwara,870354.0,118.9734,16.3899
185,kishtwar,230696.0,166.6522,10.8498
186,ramban,283713.0,156.6231,6.6899
187,doda,409936.0,185.5168,5.5740
188,pulwama,560440.0,129.6053,13.2699
189,shupiyan,266215.0,101.1175,17.4107
190,kulgam,424483.0,135.6733,13.1148
191,ganderbal,297446.0,111.6808,22.4242
192,udhampur,554985.0,130.3657,6.4831
193,leh(ladakh),133487.0,213.9160,7.2442
194,kargil,140802.0,248.1499,10.6959
195,punch,476835.0,173.6261,6.9060
196,badgam,753745.0,110.8730,9.2498
197,kathua,616435.0,122.6439,11.9818
198,srinagar,1236829.0,49.7450,4.8147
199,baramula,1008039.0,112.7903,13.4975
200,bandipore,392232.0,124.1153,17.1174
201,rajouri,642415.0,166.5232,8.7047
202,deoghar,1492073.0,120.6576,10.6081
203,dhanbad,2684487.0,117.5279,10.4210
204,latehar,726978.0,124.6792,5.4018
205,garhwa,1322784.0,135.1748,10.4749
206,chatra,1042886.0,117.2717,9.2436
207,kodarma,716259.0,106.9222,9.4658
208,giridih,2445474.0,106.2870,6.3885
209,godda,1313551.0,136.3244,19.8607
210,sahibganj,1150567.0,141.6024,16.7222
211,pakur,900422.0,142.0423,16.8665
212,lohardaga,461790.0,142.4977,7.2695
213,bokaro,2062330.0,107.0435,8.9864
214,purbi singhbhum,2293919.0,96.8487,10.0684
215,palamu,1939869.0,125.9229,13.0040
216,saraikela-kharsawan,1065056.0,132.6475,9.5281
217,pashchimi singhbhum,1502338.0,129.9774,10.8697
218,gumla,1025213.0,139.9134,6.9293
219,khunti,531885.0,,
220,simdega,599578.0,150.7243,7.7154
221,jamtara,791042.0,139.5312,11.0942
222,dumka,1321442.0,152.7581,14.6703
223,ramgarh,949443.0,120.4432,9.8616
224,hazaribagh,1734495.0,100.6391,7.1439
225,ranchi,2914253.0,113.2585,8.6959
226,ramanagara,1082636.0,134.0580,19.2752
227,yadgir,1174271.0,106.7718,11.0954
228,kolar,1536401.0,117.9998,12.4134
229,chikkaballapura,1255104.0,117.2293,13.5224
230,bangalore rural,990923.0,113.1248,10.2642
231,belgaum,4779661.0,96.5548,10.8834
232,bijapur,2177331.0,92.5982,14.1269
233,gadag,1064570.0,108.2296,12.2002
234,dakshina kannada,2089649.0,104.9459,8.3248
235,raichur,1928812.0,94.1004,14.5043
236,bidar,1703300.0,113.5948,10.2301
237,koppal,1389920.0,89.8030,11.9338
238,gulbarga,2566326.0,90.1308,6.9422
239,hassan,1776421.0,158.2209,19.1098
240,chamarajanagar,1020791.0,143.1890,20.5351
241,bagalkot,1889752.0,102.6092,12.1852
242,kodagu,554519.0,149.8452,16.8633
243,mysore,3001127.0,122.5859,12.3354
244,uttara kannada,1437169.0,148.3472,18.0146
245,haveri,1597668.0,106.9790,11.6482
246,bellary,2452595.0,90.0312,11.2628
247,davanagere,1945497.0,111.8182,13.1067
248,shimoga,1752753.0,129.1420,18.3603
249,chitradurga,1659456.0,113.4830,13.6105
250,chikmagalur,1137961.0,146.2607,17.1210
251,tumkur,2678980.0,125.9752,16.7512
252,bangalore,9621551.0,70.3707,4.1734
253,dharwad,,,
254,mandya,1805769.0,130.0166,13.2104
255,udupi,1177361.0,103.6046,11.6863
256,pathanamthitta,1197412.0,116.1154,18.3354
257,wayanad,817420.0,121.0528,30.1008
258,kannur,2523003.0,81.2908,12.2394
259,thiruvananthapuram,3301427.0,105.7791,28.5474
260,kollam,2635375.0,96.5844,23.2821
261,alappuzha,2127789.0,95.7750,23.9718
262,kasaragod,1307375.0,84.9129,18.0599
263,idukki,1108974.0,160.1417,29.5733
264,ernakulam,3282388.0,88.0283,13.2343
265,thrissur,3121200.0,103.2757,14.8962
266,palakkad,2809934.0,106.7356,15.4801
267,malappuram,4112920.0,69.6452,9.6564
268,kozhikode,3086293.0,70.1136,14.6992
269,kottayam,1974551.0,111.7616,13.8112
270,lakshadweep,64473.0,68.9436,2.6213
271,chhatarpur,1762375.0,112.0942,6.4084
272,ujjain,1986864.0,111.6906,7.5566
273,ratlam,1455069.0,126.0160,7.4464
274,neemuch,826067.0,120.3643,7.0575
275,satna,2228935.0,93.2077,5.7364
276,rewa,2365106.0,85.5759,5.6107
277,seoni,1379131.0,119.1141,13.1104
278,damoh,1264219.0,147.7695,13.5246
279,chhindwara,2090922.0,121.9457,12.5686
280,umaria,644758.0,114.2491,9.9712
281,mandsaur,1340411.0,130.0922,6.2250
282,khandwa (east nimar),1310061.0,121.3165,18.3533
283,balaghat,1701698.0,102.2749,14.1100
284,burhanpur,757847.0,108.6591,13.0303
285,alirajpur,728999.0,121.7313,7.9781
286,jhabua,1025048.0,135.0551,10.9361
287,dindori,704524.0,163.6736,9.1196
288,sidhi,1127033.0,91.2209,4.5757
289,singrauli,1178273.0,99.6679,4.9810
290,shahdol,1066063.0,112.6950,7.8194
291,anuppur,749237.0,,
292,sagar,2378458.0,119.6183,10.6006
293,guna,1241519.0,103.8889,6.8924
294,panna,1016520.0,131.3668,8.3048
295,ashoknagar,845071.0,104.9190,6.1652
296,bhind,1703005.0,103.2986,8.6236
297,tikamgarh,1445166.0,113.5447,7.6019
298,morena,1965970.0,104.1939,9.4630
299,khargone (west nimar),1873046.0,128.5815,14.2095
300,barwani,1385881.0,121.9506,10.8408
301,vidisha,1458875.0,108.2327,7.2227
302,bhopal,2371061.0,97.2282,8.5358
303,sehore,1311332.0,104.0484,14.7392
304,raisen,1331597.0,107.9058,15.8231
305,betul,1575362.0,109.1895,11.3879
306,harda,570465.0,98.1725,17.6698
307,hoshangabad,1241350.0,98.5902,20.1224
308,rajgarh,1545814.0,145.8073,15.4009
309,jabalpur,2463289.0,93.1369,10.4503
310,katni,1292042.0,115.5179,10.7582
311,gwalior,2032036.0,76.9140,6.5033
312,datia,786754.0,114.4398,7.1611
313,shajapur,1512681.0,132.8786,10.2672
314,dewas,1563715.0,105.8742,12.5829
315,shivpuri,1726050.0,127.9082,10.0339
316,indore,3276697.0,67.1243,7.6577
317,mandla,1054905.0,124.6321,12.8125
318,sheopur,687861.0,147.4091,12.7962
319,narsimhapur,1091854.0,119.6799,23.5700
320,dhar,2185793.0,121.1048,10.2851
321,raigarh,2634200.0,87.8544,9.5270
322,sangli,2822143.0,81.1950,13.2569
323,pune,9429408.0,75.1336,8.8932
324,ahmadnagar,4543159.0,84.4811,18.5142
325,bid,2585049.0,105.4518,18.9463
326,latur,2454196.0,89.6106,11.6181
327,osmanabad,1657576.0,99.4519,15.0479
328,jalgaon,4229917.0,97.1572,11.8544
329,satara,3003741.0,85.5310,15.4727
330,ratnagiri,1615069.0,106.0617,14.8576
331,kolhapur,3876001.0,71.8614,5.2951
332,nashik,6107187.0,81.5148,11.4239
333,nandurbar,1648295.0,111.6008,9.3224
334,dhule,2050862.0,85.9658,7.4847
335,mumbai suburban,9356962.0,,
336,solapur,4317756.0,80.3102,15.7452
337,thane,11060148.0,80.7360,6.6326
338,mumbai,3085411.0,,
339,jalna,1959046.0,102.9823,15.8077
340,sindhudurg,849651.0,108.7046,17.6061
341,buldana,2586258.0,124.6681,16.9743
342,akola,1813906.0,117.2326,16.0615
343,washim,1197160.0,123.0028,16.6010
344,amravati,2888445.0,108.1533,14.3686
345,wardha,1300774.0,112.3792,23.0278
346,aurangabad,3701282.0,85.2786,13.5429
347,bhandara,1200334.0,118.2171,21.2099
348,nagpur,4653570.0,80.7986,12.9645
349,gadchiroli,1072942.0,125.9406,25.1943
350,chandrapur,2204307.0,111.2350,26.5303
351,yavatmal,2772348.0,124.2986,20.7607
352,nanded,3361292.0,114.0484,16.4609
353,hingoli,1177345.0,109.9482,13.4591
354,parbhani,1836086.0,101.6848,16.4720
355,gondiya,1322507.0,111.0618,14.2381
356,senapati,479148.0,49.7738,1.8136
357,tamenglong,140651.0,112.5268,17.3621
358,churachandpur,274143.0,112.8645,4.8515
359,imphal west,517992.0,83.1133,12.5079
360,thoubal,422168.0,76.6567,13.3122
361,ukhrul,183998.0,155.8604,11.5219
362,chandel,144182.0,133.7199,12.7270
363,bishnupur,237399.0,77.9700,12.3505
364,imphal east,456113.0,83.5385,9.7607
365,east garo hills,317917.0,111.7619,7.5334
366,south garo hills,142334.0,140.1773,10.7985
367,west khasi hills,383461.0,124.4898,19.4309
368,ribhoi,258840.0,128.3109,13.9043
369,east khasi hills,825922.0,99.0202,14.7314
370,jaintia hills,395124.0,92.4292,16.6555
371,west garo hills,643291.0,116.0019,13.7341
372,saiha,56574.0,69.6787,8.8203
373,aizawl,400309.0,51.0955,2.2782
374,lawngtlai,117894.0,108.1904,10.4161
375,mamit,86364.0,106.4911,11.9031
376,lunglei,161428.0,95.0083,6.0522
377,serchhip,64937.0,117.3599,18.9876
378,champhai,125745.0,115.4082,8.5411
379,kolasib,83955.0,111.5955,6.1104
380,longleng,50484.0,197.0129,8.2402
381,tuensang,196596.0,139.7485,8.5251
382,kohima,267988.0,92.6049,3.8509
383,kiphire,74004.0,140.0330,2.3918
384,zunheboto,140757.0,113.6853,3.8648
385,wokha,166343.0,130.0806,2.4107
386,mon,250260.0,125.9450,4.0957
387,mokokchung,194622.0,95.8525,1.6031
388,phek,163418.0,146.8688,5.8929
389,peren,95219.0,138.5963,2.8146
390,dimapur,378811.0,115.3662,7.6344
391,north west,3656539.0,98.8610,9.4893
392,north,887978.0,125.1889,11.7357
393,north east,2241624.0,77.4537,4.3692
394,east,1709346.0,65.3273,5.1335
395,south west,2292958.0,79.6438,7.4698
396,central,582320.0,,
397,west,2543243.0,79.5787,7.7165
398,south,2731929.0,81.2001,7.7784
399,new delhi,142004.0,,
400,khordha,2251673.0,149.9720,20.6105
401,puri,1698730.0,171.4198,28.9711
402,jharsuguda,579505.0,185.4307,17.6564
403,gajapati,577817.0,192.5956,17.5246
404,kandhamal,733110.0,220.5372,21.8030
405,ganjam,3529031.0,163.7163,24.6544
406,nabarangapur,1220946.0,206.9805,13.5362
407,kalahandi,1576869.0,215.0876,28.8838
408,nuapada,610382.0,245.8395,16.7747
409,baudh,441162.0,232.0100,14.8018
410,subarnapur,610183.0,231.2470,22.4523
411,malkangiri,613192.0,196.0626,22.4285
412,rayagada,967911.0,189.1114,16.1637
413,bargarh,1481255.0,200.8236,25.1213
414,balangir,1648997.0,216.0295,22.8036
415,debagarh,312520.0,234.0170,40.4870
416,sambalpur,1041099.0,185.2686,21.2689
417,jajapur,1827192.0,167.4673,41.3454
418,koraput,1379647.0,203.8993,17.8466
419,anugul,1273821.0,194.6938,35.9116
420,dhenkanal,1192811.0,186.1460,32.7629
421,cuttack,2624470.0,150.8426,27.4421
422,nayagarh,962789.0,188.1845,35.2611
423,kendrapara,1440361.0,171.4049,23.0310
424,bhadrak,1506337.0,178.5656,24.7541
425,baleshwar,2320529.0,175.8681,32.6089
426,mayurbhanj,2519738.0,209.4849,25.5923
427,kendujhar,1801733.0,213.2791,26.9946
428,sundargarh,2093437.0,192.2031,15.5849
429,jagatsinghapur,1136971.0,177.7292,20.7402
430,karaikal,200222.0,100.8231,5.7586
431,mahe,41816.0,,
432,pondicherry,950289.0,70.0397,4.9616
433,yanam,55626.0,,
434,barnala,595527.0,122.9365,16.5685
435,kapurthala,815168.0,121.6130,17.1965
436,amritsar,2490656.0,126.8300,16.9847
437,tarn taran,1119627.0,128.1105,18.9313
438,gurdaspur,2298323.0,123.6297,20.6768
439,sahibzada ajit singh nagar,994628.0,92.4155,15.2580
440,rupnagar,684627.0,101.4479,17.4066
441,faridkot,617508.0,117.8543,20.1908
442,sangrur,1655169.0,113.2513,15.2196
443,mansa,769751.0,110.4552,17.5109
444,patiala,1895686.0,112.8241,16.0412
445,muktsar,901896.0,120.8831,25.2690
446,firozpur,2029074.0,118.5950,23.9346
447,jalandhar,2193590.0,135.9443,17.6036
448,hoshiarpur,1586625.0,137.0223,21.2873
449,shahid bhagat singh nagar,612310.0,148.4020,21.2899
450,fatehgarh sahib,600163.0,110.3134,16.8354
451,ludhiana,3498739.0,125.9457,17.0047
452,moga,995746.0,123.1870,20.9150
453,bathinda,1388525.0,112.3847,16.9763
454,chittaurgarh,1544338.0,145.8100,9.5860
455,pali,2037573.0,148.8943,15.3084
456,banswara,1797485.0,154.1604,20.2705
457,tonk,1421326.0,134.6545,5.4337
458,pratapgarh,867848.0,159.5060,6.4355
459,baran,1222755.0,123.2446,7.4594
460,jhalawar,1411129.0,139.8937,10.0487
461,bundi,1110906.0,140.7392,8.4823
462,kota,1951014.0,95.0977,5.9559
463,ajmer,2583052.0,108.7706,6.5585
464,bhilwara,2408523.0,140.3611,8.7095
465,rajsamand,1156597.0,160.1163,11.5900
466,dungarpur,1388552.0,150.1888,14.8911
467,sikar,2677333.0,79.7846,6.5827
468,udaipur,3068420.0,143.4432,8.9557
469,sirohi,1036346.0,134.9347,17.1584
470,jhunjhunun,2137045.0,75.0106,6.8866
471,bikaner,2363937.0,94.5241,8.3704
472,ganganagar,1969168.0,111.9899,7.8124
473,barmer,2603751.0,130.0708,11.5871
474,jaisalmer,669919.0,151.8393,8.3831
475,jalor,1828730.0,129.0546,20.3103
476,jodhpur,3687165.0,99.9429,9.6567
477,nagaur,3307743.0,110.8931,14.0779
478,hanumangarh,1774692.0,100.3966,7.1601
479,jaipur,6626178.0,88.5210,6.5554
480,dausa,1634409.0,113.8307,12.2197
481,sawai madhopur,1335551.0,135.1465,10.6802
482,karauli,1458248.0,147.4111,12.9758
483,dhaulpur,1206516.0,123.2474,13.4437
484,bharatpur,2548462.0,,
485,alwar,3674179.0,100.7953,8.5924
486,churu,2039547.0,88.4976,11.4153
487,east district,283583.0,86.5285,13.2342
488,west district,136435.0,123.4947,19.4891
489,north  district,43709.0,129.2182,10.6157
490,south district,146850.0,104.5489,13.0065
491,erode,2251744.0,97.9414,5.7653
492,vellore,3936331.0,72.1233,5.6733
493,tiruvannamalai,2464875.0,77.4076,6.0299
494,viluppuram,3458873.0,95.0604,5.3630
495,salem,3482056.0,94.8422,6.0146
496,namakkal,1726601.0,90.6712,5.6481
497,the nilgiris,735394.0,127.9804,7.1295
498,dindigul,2159775.0,97.0759,5.4473
499,karur,1064493.0,86.6009,5.6750
500,tiruchirappalli,2722290.0,82.8101,5.8557
501,perambalur,565223.0,92.9580,6.5779
502,ariyalur,754894.0,123.5644,10.8889
503,cuddalore,2605914.0,100.6733,6.0823
504,nagapattinam,1616450.0,133.1090,9.6619
505,thiruvarur,1264277.0,133.0302,11.5884
506,chennai,4646732.0,,
507,thiruvallur,3728104.0,69.2019,5.3917
508,pudukkottai,1618345.0,113.7254,11.4042
509,thanjavur,2405890.0,118.5441,11.2407
510,sivaganga,1339101.0,96.7261,8.4251
511,madurai,3038252.0,77.8829,4.4480
512,coimbatore,3458045.0,84.2410,3.3652
513,tiruppur,2479052.0,90.9517,3.9664
514,thoothukkudi,1750176.0,104.1832,6.0742
515,ramanathapuram,1353445.0,97.3375,7.9368
516,kanniyakumari,1870374.0,106.9647,9.4254
517,dharmapuri,1506843.0,101.0736,7.5509
518,krishnagiri,1879809.0,90.0671,5.5809
519,theni,1245899.0,106.5977,5.5004
520,virudhunagar,1942288.0,87.4294,4.9025
521,kancheepuram,3998252.0,68.8919,4.0743
522,tirunelveli,3077233.0,96.1009,4.6961
523,mahbubnagar,4053028.0,72.0649,13.6624
524,rangareddy,5296741.0,55.3395,3.2871
525,nalgonda,3488809.0,95.4578,15.0576
526,warangal,3512576.0,103.2590,20.7403
527,hyderabad,3943323.0,,
528,adilabad,2741239.0,96.6909,16.4167
529,nizamabad,2551335.0,85.8868,10.8629
530,karimnagar,3776269.0,91.2840,13.2205
531,khammam,2797370.0,97.3729,14.0246
532,medak,3033288.0,80.2189,9.3849
533,west tripura,1725739.0,109.9714,11.2404
534,south tripura,876001.0,121.3789,13.1050
535,dhalai,378230.0,127.2242,20.3765
536,north tripura,693947.0,125.8353,22.3086
537,bijnor,3682713.0,123.7248,12.1655
538,moradabad,4772006.0,126.5552,11.0899
539,rampur,2335819.0,139.9796,12.9227
540,jyotiba phule nagar,1840221.0,142.2454,13.2788
541,meerut,3443689.0,99.3077,7.1174
542,baghpat,1303048.0,123.7353,7.7081
543,ghaziabad,4681645.0,99.4042,5.9486
544,mirzapur,2496970.0,108.8315,10.0346
545,bulandshahr,3499171.0,133.3664,9.8649
546,sonbhadra,1862559.0,117.7901,5.5547
547,aligarh,3673889.0,121.6855,8.8410
548,sant ravidas nagar (bhadohi),1578213.0,101.5345,13.1921
549,varanasi,3676841.0,87.6043,11.0078
550,pilibhit,2031007.0,134.8907,20.5470
551,gautam buddha nagar,1648115.0,101.6337,5.1610
552,muzaffarnagar,4143512.0,110.2113,9.7664
553,mainpuri,1868529.0,112.9359,15.2997
554,etawah,1581810.0,113.7482,15.3685
555,kannauj,1656616.0,122.7484,18.2746
556,agra,4418797.0,94.6672,6.5855
557,firozabad,2498156.0,119.3532,12.3523
558,budaun,3681896.0,148.3255,18.3213
559,bareilly,4448359.0,127.4582,14.1953
560,ambedkar nagar,2397888.0,108.4438,23.3651
561,kheri,4021243.0,132.4153,23.2219
562,sitapur,4483992.0,124.7712,24.4425
563,hardoi,4092845.0,133.4607,17.9042
564,unnao,3108367.0,130.3984,15.9904
565,lucknow,4589838.0,91.5109,12.6333
566,rae bareli,3405559.0,122.0390,17.2682
567,farrukhabad,1885204.0,123.0981,16.8099
568,shahjahanpur,3006538.0,128.6965,24.4407
569,mathura,2547184.0,113.5375,8.0045
570,mahamaya nagar,1564708.0,126.6415,9.4701
571,kanpur dehat,1796184.0,124.1727,18.3767
572,sant kabir nagar,1715183.0,88.2349,20.3395
573,mahoba,875958.0,141.7522,4.7342
574,jalaun,1689974.0,125.6321,7.1279
575,jhansi,1998603.0,105.5777,4.9550
576,lalitpur,1221592.0,124.5039,6.6348
577,ghazipur,3620268.0,105.5425,21.3534
578,ballia,3239774.0,90.3575,24.1699
579,mahrajganj,2684703.0,114.6946,19.5187
580,kanpur nagar,4581268.0,104.6876,12.6714
581,mau,2205968.0,95.2158,19.1875
582,deoria,3100946.0,96.9998,17.8313
583,kushinagar,3564544.0,121.0570,18.8296
584,gorakhpur,4440895.0,93.7590,16.8464
585,kanshiram nagar,1436719.0,141.3819,19.0225
586,saharanpur,3466382.0,111.7456,12.4911
587,auraiya,1379545.0,118.7189,18.3850
588,azamgarh,4613913.0,99.7953,18.2173
589,chandauli,1952756.0,96.1313,13.2090
590,etah,1774480.0,123.1837,14.3687
591,faizabad,2470996.0,117.7489,20.7811
592,gonda,3433919.0,105.2314,22.8418
593,balrampur,2148665.0,114.9532,13.4693
594,shrawasti,1117361.0,127.9783,15.9000
595,bahraich,3487731.0,131.0075,18.2331
596,jaunpur,4494204.0,102.9740,15.6255
597,hamirpur,1104285.0,135.6869,4.2797
598,banda,1799410.0,124.3608,2.9499
599,sultanpur,3797117.0,114.0357,19.5970
600,chitrakoot,991730.0,120.8000,4.4024
601,fatehpur,2632733.0,133.9095,13.3682
602,pratapgarh,3209141.0,103.1659,14.3493
603,kaushambi,1599596.0,128.9819,10.4701
604,allahabad,5954391.0,94.1745,8.8882
605,bara banki,3260699.0,108.8340,25.3390
606,siddharthnagar,2559297.0,88.6646,13.0602
607,basti,2464464.0,88.5450,21.7118
608,bageshwar,259898.0,94.1023,10.8504
609,tehri garhwal,618931.0,105.9068,10.5795
610,almora,622506.0,105.5893,7.5421
611,champawat,259648.0,146.1363,22.6075
612,nainital,954605.0,86.0167,13.6329
613,hardwar,1890422.0,102.0338,10.6288
614,udham singh nagar,1648902.0,107.0585,14.4702
615,dehradun,1696694.0,68.3075,9.0570
616,chamoli,391605.0,116.5460,10.9600
617,rudraprayag,242285.0,93.8894,8.8904
618,garhwal,687271.0,109.8490,7.9139
619,uttarkashi,330086.0,96.0992,10.4094
620,pithoragarh,483439.0,101.8846,9.0104
621,koch bihar,2819086.0,176.1426,38.6359
622,uttar dinajpur,3007134.0,144.2347,32.7810
623,dakshin dinajpur,1676276.0,148.6766,31.6416
624,maldah,3988845.0,138.4604,26.1996
625,murshidabad,7103807.0,142.4988,41.6516
626,birbhum,3502404.0,137.7157,40.5887
627,barddhaman,7717563.0,134.2946,23.6638
628,nadia,5167600.0,150.1357,42.2525
629,puruliya,2930115.0,154.5404,18.7706
630,hugli,5519145.0,121.3519,27.2535
631,jalpaiguri,3872846.0,149.8350,41.6438
632,darjiling,1846823.0,126.0267,19.3272
633,kolkata,4496694.0,,
634,south twenty four parganas,8161961.0,124.7535,37.2058
635,paschim medinipur,5913457.0,131.5858,33.2765
636,purba medinipur,5095875.0,126.3726,45.7576
637,haora,4850029.0,103.3571,25.5040
638,north twenty four parganas,10009781.0,110.9871,32.7008
639,bankura,3596674.0,141.0005,31.5428
